{"cameraMode":{"drawMode":0,"name":"Shaded","section":"Shading Mode"},"sceneLighting":false,"audioPlay":false,"sceneViewState":{"showFog":true,"showMaterialUpdate":false,"showSkybox":false,"showFlares":true,"showImageEffects":true,"showParticleSystems":true},"in2DMode":false,"pivot":{"x":1.5224013328552247,"y":-0.7702862620353699,"z":-0.8323248624801636},"rotation":{"x":-0.14894922077655793,"y":0.31496500968933108,"z":-0.050121504813432696,"w":-0.9360054731369019},"size":2.7195074558258058,"orthographic":false}