{"cameraMode":{"drawMode":0,"name":"Shaded","section":"Shading Mode"},"sceneLighting":true,"audioPlay":false,"sceneViewState":{"showFog":true,"showMaterialUpdate":false,"showSkybox":false,"showFlares":true,"showImageEffects":true,"showParticleSystems":true},"in2DMode":false,"pivot":{"x":3.1139116287231447,"y":-0.43334197998046877,"z":-5.292965888977051},"rotation":{"x":-0.32513731718063357,"y":0.5863586068153381,"z":-0.2769852578639984,"w":-0.6882944703102112},"size":11.827288627624512,"orthographic":false}